INFORMACIÓN SOBRE TARIFAS;;;;;;;;;;;;;
"ENERBIT S.A.S E.S.P. informa a sus clientes regulados las tarifas de prestación del servicio de energía eléctrica vigentes, calculadas con base en las resoluciones CREG 119/07 (Fórmula Tarifaria), CREG 101 028/23 (Costo Opcion Tarifaria), 101 002/2022(Compras de Energía), 174/2021(Compras de Energía de AGPE y GD), 103/00(Cargos Uso STN), 019/07(IPP), 010/09(IPC), 058/08 y 133/13(Cargos ADD), 025 y 079/21 (aprobación cargos por uso STR-SDL Afinia), 180 y 191/14(remuneración comercialización), 036, 124 y 189/15, y 229/2016 (Costos de Comercialización), 036/06 (Garantías Financieras), 015 y 085/18, 036, 178 y 199/19(Metodología cargos uso STR SDL), 010/2020 (Régimen tarifario especial Caribe); 003/21, 105 005/2022 (Subsidios estratos 1-2) y Resoluciones UPME 0355/04 y 013/05 (consumo subsistencia).";;;;;;;;;;;;;
;;;;;;;;;;;;;
;;;;;;;;;;;;;
;;;;;;;;;;;;;
;;;;;;;;;;;;;
;;;;;;;;;;;;;
COMPONENTES DEL COSTO UNITARIO DE PRESTACIÓN DEL SERVICIO CU ($/kWh);;;;;;;;;;;;;
Componentes transversales:;;;;;T:;55,95;R:;30,50;;Abril 21 de 2026;;;
;;;;;;;;;;;;;
Mercado;;Pereira ;;Cf ($/Fact):;; 14.429,05 ;; Afinia;;Cf ($/Fact):;; 16.425,46 ;
Nivel de Tensión;;G;D;PR;C+COT;CU+COT;COT;G;D;PR;C+COT;CU+COT;COT
CU1 Prop, OR;; 334,41 ; 315,70 ; 60,72 ; 41,76 ; 839,04 ;0,00; 281,03 ; 177,48 ; 57,84 ; 138,52 ; 741,32 ;84,56
CU12 Prop, Mixta;; 334,41 ; 293,71 ; 60,72 ; 41,76 ; 817,05 ;0,00; 281,03 ; 162,54 ; 57,84 ; 138,52 ; 726,38 ;84,56
CU1 Prop, Cliente;; 334,41 ; 271,71 ; 60,72 ; 41,76 ; 795,05 ;0,00; 281,03 ; 147,60 ; 57,84 ; 138,52 ; 711,44 ;84,56
CU2;; 334,41 ; 206,07 ; 25,01 ; 41,76 ; 693,70 ;0,00; 281,03 ; 123,15 ; 10,59 ; 117,99 ; 619,21 ;64,03
CU3;; 334,41 ; 90,67 ; 21,83 ; 41,76 ; 575,12 ;0,00; 281,03 ; 92,76 ; 8,02 ; 53,96 ; 522,22 ;0,00
CU4;; 334,41 ; 34,05 ; 15,84 ; 41,76 ; 512,51 ;0,00; 281,03 ; 39,84 ;-0,82 ; 53,96 ; 460,46 ;0,00
Mercado;;Valle;;Cf ($/Fact):;; 17.504,79 ;;Antioquia;;Cf ($/Fact):;; 9.368,48 ;
CU1 Prop, OR;; 338,67 ; 277,59 ; 64,43 ; 45,52 ; 812,66 ;0,00; 266,23 ; 315,70 ; 57,18 ; 76,78 ; 802,34 ;44,97
CU12 Prop, Mixta;; 338,67 ; 243,00 ; 64,43 ; 45,52 ; 778,07 ;0,00; 266,23 ; 283,88 ; 57,18 ; 76,78 ; 770,52 ;44,97
CU1 Prop, Cliente;; 338,67 ; 208,41 ; 64,43 ; 45,52 ; 743,48 ;0,00; 266,23 ; 252,05 ; 57,18 ; 76,78 ; 738,69 ;44,97
CU2;; 338,67 ; 165,37 ; 26,98 ; 45,52 ; 662,99 ;0,00; 266,23 ; 206,07 ; 17,79 ; 52,84 ; 629,38 ;21,03
CU3;; 338,67 ; 96,70 ; 23,10 ; 45,52 ; 590,44 ;0,00; 266,23 ; 90,67 ; 15,74 ; 60,21 ; 519,30 ;28,40
CU4;; 338,67 ; 34,05 ; 13,04 ; 45,52 ; 517,73 ;0,00; 266,23 ; 34,05 ; 12,27 ; 31,81 ; 430,81 ;0,00
Mercado;;Tuluá;;Cf ($/Fact):;; 11.674,33 ;;Enel;;Cf ($/Fact):;; 10.630,28 ;
CU1 Prop, OR;; 265,71 ; 277,59 ; 50,50 ; 32,02 ; 712,27 ;0,00; 334,96 ; 288,03 ; 66,04 ; 93,22 ; 868,70 ;0,00
CU12 Prop, Mixta;; 265,71 ; 250,78 ; 50,50 ; 32,02 ; 685,46 ;0,00; 334,96 ; 263,17 ; 66,04 ; 93,22 ; 843,84 ;0,00
CU1 Prop, Cliente;; 265,71 ; 223,97 ; 50,50 ; 32,02 ; 658,65 ;0,00; 334,96 ; 238,30 ; 66,04 ; 93,22 ; 818,97 ;0,00
CU2;; 265,71 ; 165,37 ; 21,64 ; 103,64 ; 642,81 ;71,62; 334,96 ; 186,43 ; 22,17 ; 93,22 ; 723,23 ;0,00
CU3;; 265,71 ; 96,70 ; 16,73 ; 100,91 ; 566,50 ;68,89; 334,96 ; 117,29 ; 21,51 ; 93,22 ; 653,43 ;0,00
Mercado;;Cali, Yumbo, Pto. Tejada;;Cf ($/Fact):;; 9.804,90 ;;AIRE;;Cf ($/Fact):;; 16.425,46 ;
CU1 Prop, OR;; 335,65 ; 277,59 ; 54,46 ; 40,60 ; 794,75 ;N/A; 268,45 ; 127,34 ; 67,52 ; 96,80 ; 646,56 ;57,84
CU12 Prop, Mixta;; 335,65 ; 260,02 ; 54,46 ; 40,60 ; 777,18 ;N/A; 268,45 ; 115,99 ; 67,52 ; 96,80 ; 635,21 ;57,84
CU1 Prop, Cliente;; 335,65 ; 242,45 ; 54,46 ; 40,60 ; 759,61 ;N/A; 268,45 ; 104,63 ; 67,52 ; 96,80 ; 623,85 ;57,84
CU2;; 335,65 ; 165,37 ; 24,80 ; 40,60 ; 652,87 ;N/A; 268,45 ; 85,92 ; 21,52 ; 38,96 ; 501,30 ;0,00
CU3;; 335,65 ; 96,70 ; 23,13 ; 40,60 ; 582,53 ;N/A; 268,45 ; 63,45 ; 18,39 ; 38,96 ; 475,70 ;0,00
Mercado;;Cartago;;Cf ($/Fact):;; 9.908,03 ;;Santander;;Cf ($/Fact):;; 10.375,46 ;
CU1 Prop, OR;; 334,22 ; 277,59 ; 67,79 ; 36,43 ; 802,48 ;0,00; 267,50 ; 315,70 ; 60,97 ; 32,47 ; 763,09 ;0,00
CU12 Prop, Mixta;; 334,22 ; 258,26 ; 67,79 ; 36,43 ; 783,15 ;0,00; 267,50 ; 272,14 ; 60,97 ; 32,47 ; 719,53 ;0,00
CU1 Prop, Cliente;; 334,22 ; 238,93 ; 67,79 ; 36,43 ; 763,82 ;0,00; 267,50 ; 228,57 ; 60,97 ; 32,47 ; 675,96 ;0,00
CU2;; 334,22 ; 165,37 ; 24,17 ; 36,43 ; 646,64 ;0,00; 267,50 ; 206,07 ; 22,64 ; 32,47 ; 615,13 ;0,00
CU3;; 334,22 ; 96,70 ; 20,19 ; 36,43 ; 573,99 ;0,00; 267,50 ; 90,67 ; 17,31 ; 32,47 ; 494,40 ;0,00
Mercado;;CHEC;;Cf ($/Fact):;; 12.406,58 ;;EDEQ;;Cf ($/Fact):;; 12.520,82 ;
CU1 Prop, OR;; 270,94 ; 315,70 ; 54,54 ; 100,39 ; 828,02 ;68,45; 266,74 ; 315,70 ; 53,14 ; 111,65 ; 833,68 ;80,18
CU12 Prop, Mixta;; 270,94 ; 278,41 ; 54,54 ; 100,39 ; 790,73 ;68,45; 266,74 ; 290,25 ; 53,14 ; 111,65 ; 808,23 ;80,18
CU1 Prop, Cliente;; 270,94 ; 241,11 ; 54,54 ; 100,39 ; 753,43 ;68,45; 266,74 ; 264,80 ; 53,14 ; 111,65 ; 782,78 ;80,18
CU2;; 270,94 ; 206,07 ; 25,30 ; 31,94 ; 620,70 ;0,00; 266,74 ; 206,07 ; 22,94 ; 31,47 ; 613,67 ;0,00
CU3;; 270,94 ; 90,67 ; 18,98 ; 31,94 ; 498,98 ;0,00; 266,74 ; 90,67 ; 17,64 ; 68,02 ; 529,52 ;36,55
Mercado;;HUILA;;Cf ($/Fact):;; 16.322,99 ;;TOLIMA;;Cf ($/Fact):;; 10.983,67 ;
CU1 Prop, OR;; 269,78 ; 288,03 ; 60,70 ; 99,91 ; 804,87 ;18,82; 270,19 ; 288,03 ; 69,84 ; 224,05 ; 938,56 ;109,97
CU12 Prop, Mixta;; 269,78 ; 262,33 ; 60,70 ; 81,09 ; 760,35 ;0,00; 270,19 ; 237,57 ; 69,84 ; 224,05 ; 888,10 ;109,97
CU1 Prop, Cliente;; 269,78 ; 236,62 ; 60,70 ; 99,91 ; 753,46 ;18,82; 270,19 ; 187,11 ; 69,84 ; 224,05 ; 837,64 ;109,97
CU2;; 269,78 ; 186,43 ; 25,24 ; 112,35 ; 680,25 ;31,26; 270,19 ; 186,43 ; 32,24 ; 114,08 ; 689,39 ;0,00
CU3;; 269,78 ; 117,29 ; 19,93 ; 109,75 ; 603,20 ;28,66; 270,19 ; 117,29 ; 24,37 ; 114,08 ; 612,38 ;0,00
INFORMACIÓN SOBRE TARIFAS;;;;;;;;;;;;;
;;Pereira;;;Valle;;;Enel;;;Cali, Yumbo, Pto. Tejada;;
Nivel de Tensión;;Estrato 1;Estrato 2;Estrato 3;Estrato 1;Estrato 2;Estrato 3;Estrato 1;Estrato 2;Estrato 3;Estrato 1;Estrato 2;Estrato 3
CU1 Prop, OR;; 424,36 ; 530,45 ; 713,18 ; 437,00 ; 546,23 ; 690,76 ; 409,37 ; 511,67 ; 738,40 ; 420,62 ; 525,74 ; 675,54 
CU12 Prop, Mixta;; 412,72 ; 515,88 ; 694,49 ; 416,57 ; 520,71 ; 661,36 ; 399,37 ; 499,25 ; 717,26 ; 410,59 ; 513,25 ; 660,60 
CU1 Prop, Cliente;; 401,06 ; 501,31 ; 675,79 ; 396,11 ; 495,14 ; 631,96 ; 389,43 ; 486,80 ; 696,12 ; 400,58 ; 500,74 ; 645,67 
;; Afinia;;;EPM;;;AIRE;;;CHEC;;
Nivel de Tensión;;Estrato 1;Estrato 2;Estrato 3;Estrato 1;Estrato 2;Estrato 3;Estrato 1;Estrato 2;Estrato 3;Estrato 1;Estrato 2;Estrato 3
CU1 Prop, OR;; 480,84 ; 601,02 ; 630,12 ; 425,47 ; 531,86 ; 681,99 ; 495,96 ; 646,56 ; 549,58 ; 445,61 ; 557,02 ; 703,82 
CU12 Prop, Mixta;; 472,35 ; 590,40 ; 617,42 ; 410,44 ; 513,05 ; 654,94 ; 485,35 ; 635,21 ; 539,93 ; 428,36 ; 535,49 ; 672,12 
CU1 Prop, Cliente;; 463,88 ; 579,83 ; 604,72 ; 395,35 ; 494,23 ; 627,89 ; 479,51 ; 623,85 ; 530,27 ; 411,14 ; 513,92 ; 640,42 
"Tarifas publicadas sin contribución. A los clientes sujetos al pago de contribución de solidaridad se les aplicará un porcentaje del 20% sobre el CU publicado.
A los clientes sujetos a subsidios de solidaridad, se les aplicarán los porcentajes establecidos por la Ley 142 de 1994 y modifcatorios, hasta el consumo de subsistencia.
CS: Consumo de Subsistencia es 173 kWh/mes en municipios con altura inferior a 1000 msnm y 130 kWh/mes en otros.
N/A: No Aplica";;;;;;;;;;;;;
;;;;;;;;;;;;;
;;;;;;;;;;;;;
;;;;;;;;;;;;;
;;;;;;;;;;;;;
